filepath,trace_id,ar_set,campagna,attivita,repetition,persona,ambiente,monitor,direct_path,hardware,stream_antenna,shape_0,shape_1,dtype,has_nan,n_frame,stft_hop_s
/content/data/doppler_traces/S1a/S1a_C_stream_0.txt,S1a_C,AR-1,a,C,,P1,bedroom,M1,LOS,asus-rt-ac86u,0,18766,100,float64,False,18766,0.006
/content/data/doppler_traces/S1a/S1a_C_stream_1.txt,S1a_C,AR-1,a,C,,P1,bedroom,M1,LOS,asus-rt-ac86u,1,18766,100,float64,False,18766,0.006
/content/data/doppler_traces/S1a/S1a_C_stream_2.txt,S1a_C,AR-1,a,C,,P1,bedroom,M1,LOS,asus-rt-ac86u,2,18766,100,float64,False,18766,0.006
/content/data/doppler_traces/S1a/S1a_C_stream_3.txt,S1a_C,AR-1,a,C,,P1,bedroom,M1,LOS,asus-rt-ac86u,3,18766,100,float64,False,18766,0.006
/content/data/doppler_traces/S1a/S1a_E_stream_0.txt,S1a_E,AR-1,a,E,,P1,bedroom,M1,LOS,asus-rt-ac86u,0,18700,100,float64,False,18700,0.006
/content/data/doppler_traces/S1a/S1a_E_stream_1.txt,S1a_E,AR-1,a,E,,P1,bedroom,M1,LOS,asus-rt-ac86u,1,18700,100,float64,False,18700,0.006
/content/data/doppler_traces/S1a/S1a_E_stream_2.txt,S1a_E,AR-1,a,E,,P1,bedroom,M1,LOS,asus-rt-ac86u,2,18700,100,float64,False,18700,0.006
/content/data/doppler_traces/S1a/S1a_E_stream_3.txt,S1a_E,AR-1,a,E,,P1,bedroom,M1,LOS,asus-rt-ac86u,3,18700,100,float64,False,18700,0.006
/content/data/doppler_traces/S1a/S1a_H_stream_0.txt,S1a_H,AR-1,a,H,,P1,bedroom,M1,LOS,asus-rt-ac86u,0,19064,100,float64,False,19064,0.006
/content/data/doppler_traces/S1a/S1a_H_stream_1.txt,S1a_H,AR-1,a,H,,P1,bedroom,M1,LOS,asus-rt-ac86u,1,19064,100,float64,False,19064,0.006
/content/data/doppler_traces/S1a/S1a_H_stream_2.txt,S1a_H,AR-1,a,H,,P1,bedroom,M1,LOS,asus-rt-ac86u,2,19064,100,float64,False,19064,0.006
/content/data/doppler_traces/S1a/S1a_H_stream_3.txt,S1a_H,AR-1,a,H,,P1,bedroom,M1,LOS,asus-rt-ac86u,3,19064,100,float64,False,19064,0.006
/content/data/doppler_traces/S1a/S1a_J1_stream_0.txt,S1a_J1,AR-1,a,J,1,P1,bedroom,M1,LOS,asus-rt-ac86u,0,8700,100,float64,False,8700,0.006
/content/data/doppler_traces/S1a/S1a_J1_stream_1.txt,S1a_J1,AR-1,a,J,1,P1,bedroom,M1,LOS,asus-rt-ac86u,1,8700,100,float64,False,8700,0.006
/content/data/doppler_traces/S1a/S1a_J1_stream_2.txt,S1a_J1,AR-1,a,J,1,P1,bedroom,M1,LOS,asus-rt-ac86u,2,8700,100,float64,False,8700,0.006
/content/data/doppler_traces/S1a/S1a_J1_stream_3.txt,S1a_J1,AR-1,a,J,1,P1,bedroom,M1,LOS,asus-rt-ac86u,3,8700,100,float64,False,8700,0.006
/content/data/doppler_traces/S1a/S1a_J2_stream_0.txt,S1a_J2,AR-1,a,J,2,P1,bedroom,M1,LOS,asus-rt-ac86u,0,8708,100,float64,False,8708,0.006
/content/data/doppler_traces/S1a/S1a_J2_stream_1.txt,S1a_J2,AR-1,a,J,2,P1,bedroom,M1,LOS,asus-rt-ac86u,1,8708,100,float64,False,8708,0.006
/content/data/doppler_traces/S1a/S1a_J2_stream_2.txt,S1a_J2,AR-1,a,J,2,P1,bedroom,M1,LOS,asus-rt-ac86u,2,8708,100,float64,False,8708,0.006
/content/data/doppler_traces/S1a/S1a_J2_stream_3.txt,S1a_J2,AR-1,a,J,2,P1,bedroom,M1,LOS,asus-rt-ac86u,3,8708,100,float64,False,8708,0.006
/content/data/doppler_traces/S1a/S1a_L_stream_0.txt,S1a_L,AR-1,a,L,,P1,bedroom,M1,LOS,asus-rt-ac86u,0,18842,100,float64,False,18842,0.006
/content/data/doppler_traces/S1a/S1a_L_stream_1.txt,S1a_L,AR-1,a,L,,P1,bedroom,M1,LOS,asus-rt-ac86u,1,18842,100,float64,False,18842,0.006
/content/data/doppler_traces/S1a/S1a_L_stream_2.txt,S1a_L,AR-1,a,L,,P1,bedroom,M1,LOS,asus-rt-ac86u,2,18842,100,float64,False,18842,0.006
/content/data/doppler_traces/S1a/S1a_L_stream_3.txt,S1a_L,AR-1,a,L,,P1,bedroom,M1,LOS,asus-rt-ac86u,3,18842,100,float64,False,18842,0.006
/content/data/doppler_traces/S1a/S1a_R_stream_0.txt,S1a_R,AR-1,a,R,,P1,bedroom,M1,LOS,asus-rt-ac86u,0,19269,100,float64,False,19269,0.006
/content/data/doppler_traces/S1a/S1a_R_stream_1.txt,S1a_R,AR-1,a,R,,P1,bedroom,M1,LOS,asus-rt-ac86u,1,19269,100,float64,False,19269,0.006
/content/data/doppler_traces/S1a/S1a_R_stream_2.txt,S1a_R,AR-1,a,R,,P1,bedroom,M1,LOS,asus-rt-ac86u,2,19269,100,float64,False,19269,0.006
/content/data/doppler_traces/S1a/S1a_R_stream_3.txt,S1a_R,AR-1,a,R,,P1,bedroom,M1,LOS,asus-rt-ac86u,3,19269,100,float64,False,19269,0.006
/content/data/doppler_traces/S1a/S1a_S_stream_0.txt,S1a_S,AR-1,a,S,,P1,bedroom,M1,LOS,asus-rt-ac86u,0,19009,100,float64,False,19009,0.006
/content/data/doppler_traces/S1a/S1a_S_stream_1.txt,S1a_S,AR-1,a,S,,P1,bedroom,M1,LOS,asus-rt-ac86u,1,19009,100,float64,False,19009,0.006
/content/data/doppler_traces/S1a/S1a_S_stream_2.txt,S1a_S,AR-1,a,S,,P1,bedroom,M1,LOS,asus-rt-ac86u,2,19009,100,float64,False,19009,0.006
/content/data/doppler_traces/S1a/S1a_S_stream_3.txt,S1a_S,AR-1,a,S,,P1,bedroom,M1,LOS,asus-rt-ac86u,3,19009,100,float64,False,19009,0.006
/content/data/doppler_traces/S1a/S1a_W_stream_0.txt,S1a_W,AR-1,a,W,,P1,bedroom,M1,LOS,asus-rt-ac86u,0,19295,100,float64,False,19295,0.006
/content/data/doppler_traces/S1a/S1a_W_stream_1.txt,S1a_W,AR-1,a,W,,P1,bedroom,M1,LOS,asus-rt-ac86u,1,19295,100,float64,False,19295,0.006
/content/data/doppler_traces/S1a/S1a_W_stream_2.txt,S1a_W,AR-1,a,W,,P1,bedroom,M1,LOS,asus-rt-ac86u,2,19295,100,float64,False,19295,0.006
/content/data/doppler_traces/S1a/S1a_W_stream_3.txt,S1a_W,AR-1,a,W,,P1,bedroom,M1,LOS,asus-rt-ac86u,3,19295,100,float64,False,19295,0.006
/content/data/doppler_traces/S1b/S1b_C_stream_0.txt,S1b_C,AR-1,b,C,,P1,bedroom,M1,LOS,asus-rt-ac86u,0,18803,100,float64,False,18803,0.006
/content/data/doppler_traces/S1b/S1b_C_stream_1.txt,S1b_C,AR-1,b,C,,P1,bedroom,M1,LOS,asus-rt-ac86u,1,18803,100,float64,False,18803,0.006
/content/data/doppler_traces/S1b/S1b_C_stream_2.txt,S1b_C,AR-1,b,C,,P1,bedroom,M1,LOS,asus-rt-ac86u,2,18803,100,float64,False,18803,0.006
/content/data/doppler_traces/S1b/S1b_C_stream_3.txt,S1b_C,AR-1,b,C,,P1,bedroom,M1,LOS,asus-rt-ac86u,3,18803,100,float64,False,18803,0.006
/content/data/doppler_traces/S1b/S1b_E_stream_0.txt,S1b_E,AR-1,b,E,,P1,bedroom,M1,LOS,asus-rt-ac86u,0,18270,100,float64,False,18270,0.006
/content/data/doppler_traces/S1b/S1b_E_stream_1.txt,S1b_E,AR-1,b,E,,P1,bedroom,M1,LOS,asus-rt-ac86u,1,18270,100,float64,False,18270,0.006
/content/data/doppler_traces/S1b/S1b_E_stream_2.txt,S1b_E,AR-1,b,E,,P1,bedroom,M1,LOS,asus-rt-ac86u,2,18270,100,float64,False,18270,0.006
/content/data/doppler_traces/S1b/S1b_E_stream_3.txt,S1b_E,AR-1,b,E,,P1,bedroom,M1,LOS,asus-rt-ac86u,3,18270,100,float64,False,18270,0.006
/content/data/doppler_traces/S1b/S1b_H_stream_0.txt,S1b_H,AR-1,b,H,,P1,bedroom,M1,LOS,asus-rt-ac86u,0,18707,100,float64,False,18707,0.006
/content/data/doppler_traces/S1b/S1b_H_stream_1.txt,S1b_H,AR-1,b,H,,P1,bedroom,M1,LOS,asus-rt-ac86u,1,18707,100,float64,False,18707,0.006
/content/data/doppler_traces/S1b/S1b_H_stream_2.txt,S1b_H,AR-1,b,H,,P1,bedroom,M1,LOS,asus-rt-ac86u,2,18707,100,float64,False,18707,0.006
/content/data/doppler_traces/S1b/S1b_H_stream_3.txt,S1b_H,AR-1,b,H,,P1,bedroom,M1,LOS,asus-rt-ac86u,3,18707,100,float64,False,18707,0.006
/content/data/doppler_traces/S1b/S1b_J1_stream_0.txt,S1b_J1,AR-1,b,J,1,P1,bedroom,M1,LOS,asus-rt-ac86u,0,8756,100,float64,False,8756,0.006
/content/data/doppler_traces/S1b/S1b_J1_stream_1.txt,S1b_J1,AR-1,b,J,1,P1,bedroom,M1,LOS,asus-rt-ac86u,1,8756,100,float64,False,8756,0.006
/content/data/doppler_traces/S1b/S1b_J1_stream_2.txt,S1b_J1,AR-1,b,J,1,P1,bedroom,M1,LOS,asus-rt-ac86u,2,8756,100,float64,False,8756,0.006
/content/data/doppler_traces/S1b/S1b_J1_stream_3.txt,S1b_J1,AR-1,b,J,1,P1,bedroom,M1,LOS,asus-rt-ac86u,3,8756,100,float64,False,8756,0.006
/content/data/doppler_traces/S1b/S1b_J2_stream_0.txt,S1b_J2,AR-1,b,J,2,P1,bedroom,M1,LOS,asus-rt-ac86u,0,8667,100,float64,False,8667,0.006
/content/data/doppler_traces/S1b/S1b_J2_stream_1.txt,S1b_J2,AR-1,b,J,2,P1,bedroom,M1,LOS,asus-rt-ac86u,1,8667,100,float64,False,8667,0.006
/content/data/doppler_traces/S1b/S1b_J2_stream_2.txt,S1b_J2,AR-1,b,J,2,P1,bedroom,M1,LOS,asus-rt-ac86u,2,8667,100,float64,False,8667,0.006
/content/data/doppler_traces/S1b/S1b_J2_stream_3.txt,S1b_J2,AR-1,b,J,2,P1,bedroom,M1,LOS,asus-rt-ac86u,3,8667,100,float64,False,8667,0.006
/content/data/doppler_traces/S1b/S1b_L_stream_0.txt,S1b_L,AR-1,b,L,,P1,bedroom,M1,LOS,asus-rt-ac86u,0,19329,100,float64,False,19329,0.006
/content/data/doppler_traces/S1b/S1b_L_stream_1.txt,S1b_L,AR-1,b,L,,P1,bedroom,M1,LOS,asus-rt-ac86u,1,19329,100,float64,False,19329,0.006
/content/data/doppler_traces/S1b/S1b_L_stream_2.txt,S1b_L,AR-1,b,L,,P1,bedroom,M1,LOS,asus-rt-ac86u,2,19329,100,float64,False,19329,0.006
/content/data/doppler_traces/S1b/S1b_L_stream_3.txt,S1b_L,AR-1,b,L,,P1,bedroom,M1,LOS,asus-rt-ac86u,3,19329,100,float64,False,19329,0.006
/content/data/doppler_traces/S1b/S1b_R_stream_0.txt,S1b_R,AR-1,b,R,,P1,bedroom,M1,LOS,asus-rt-ac86u,0,19253,100,float64,False,19253,0.006
/content/data/doppler_traces/S1b/S1b_R_stream_1.txt,S1b_R,AR-1,b,R,,P1,bedroom,M1,LOS,asus-rt-ac86u,1,19253,100,float64,False,19253,0.006
/content/data/doppler_traces/S1b/S1b_R_stream_2.txt,S1b_R,AR-1,b,R,,P1,bedroom,M1,LOS,asus-rt-ac86u,2,19253,100,float64,False,19253,0.006
/content/data/doppler_traces/S1b/S1b_R_stream_3.txt,S1b_R,AR-1,b,R,,P1,bedroom,M1,LOS,asus-rt-ac86u,3,19253,100,float64,False,19253,0.006
/content/data/doppler_traces/S1b/S1b_S_stream_0.txt,S1b_S,AR-1,b,S,,P1,bedroom,M1,LOS,asus-rt-ac86u,0,18922,100,float64,False,18922,0.006
/content/data/doppler_traces/S1b/S1b_S_stream_1.txt,S1b_S,AR-1,b,S,,P1,bedroom,M1,LOS,asus-rt-ac86u,1,18922,100,float64,False,18922,0.006
/content/data/doppler_traces/S1b/S1b_S_stream_2.txt,S1b_S,AR-1,b,S,,P1,bedroom,M1,LOS,asus-rt-ac86u,2,18922,100,float64,False,18922,0.006
/content/data/doppler_traces/S1b/S1b_S_stream_3.txt,S1b_S,AR-1,b,S,,P1,bedroom,M1,LOS,asus-rt-ac86u,3,18922,100,float64,False,18922,0.006
/content/data/doppler_traces/S1b/S1b_W_stream_0.txt,S1b_W,AR-1,b,W,,P1,bedroom,M1,LOS,asus-rt-ac86u,0,18927,100,float64,False,18927,0.006
/content/data/doppler_traces/S1b/S1b_W_stream_1.txt,S1b_W,AR-1,b,W,,P1,bedroom,M1,LOS,asus-rt-ac86u,1,18927,100,float64,False,18927,0.006
/content/data/doppler_traces/S1b/S1b_W_stream_2.txt,S1b_W,AR-1,b,W,,P1,bedroom,M1,LOS,asus-rt-ac86u,2,18927,100,float64,False,18927,0.006
/content/data/doppler_traces/S1b/S1b_W_stream_3.txt,S1b_W,AR-1,b,W,,P1,bedroom,M1,LOS,asus-rt-ac86u,3,18927,100,float64,False,18927,0.006
/content/data/doppler_traces/S1c/S1c_C_stream_0.txt,S1c_C,AR-1,c,C,,P1,bedroom,M1,LOS,asus-rt-ac86u,0,18533,100,float64,False,18533,0.006
/content/data/doppler_traces/S1c/S1c_C_stream_1.txt,S1c_C,AR-1,c,C,,P1,bedroom,M1,LOS,asus-rt-ac86u,1,18533,100,float64,False,18533,0.006
/content/data/doppler_traces/S1c/S1c_C_stream_2.txt,S1c_C,AR-1,c,C,,P1,bedroom,M1,LOS,asus-rt-ac86u,2,18533,100,float64,False,18533,0.006
/content/data/doppler_traces/S1c/S1c_C_stream_3.txt,S1c_C,AR-1,c,C,,P1,bedroom,M1,LOS,asus-rt-ac86u,3,18533,100,float64,False,18533,0.006
/content/data/doppler_traces/S1c/S1c_E_stream_0.txt,S1c_E,AR-1,c,E,,P1,bedroom,M1,LOS,asus-rt-ac86u,0,18929,100,float64,False,18929,0.006
/content/data/doppler_traces/S1c/S1c_E_stream_1.txt,S1c_E,AR-1,c,E,,P1,bedroom,M1,LOS,asus-rt-ac86u,1,18929,100,float64,False,18929,0.006
/content/data/doppler_traces/S1c/S1c_E_stream_2.txt,S1c_E,AR-1,c,E,,P1,bedroom,M1,LOS,asus-rt-ac86u,2,18929,100,float64,False,18929,0.006
/content/data/doppler_traces/S1c/S1c_E_stream_3.txt,S1c_E,AR-1,c,E,,P1,bedroom,M1,LOS,asus-rt-ac86u,3,18929,100,float64,False,18929,0.006
/content/data/doppler_traces/S1c/S1c_H_stream_0.txt,S1c_H,AR-1,c,H,,P1,bedroom,M1,LOS,asus-rt-ac86u,0,19053,100,float64,False,19053,0.006
/content/data/doppler_traces/S1c/S1c_H_stream_1.txt,S1c_H,AR-1,c,H,,P1,bedroom,M1,LOS,asus-rt-ac86u,1,19053,100,float64,False,19053,0.006
/content/data/doppler_traces/S1c/S1c_H_stream_2.txt,S1c_H,AR-1,c,H,,P1,bedroom,M1,LOS,asus-rt-ac86u,2,19053,100,float64,False,19053,0.006
/content/data/doppler_traces/S1c/S1c_H_stream_3.txt,S1c_H,AR-1,c,H,,P1,bedroom,M1,LOS,asus-rt-ac86u,3,19053,100,float64,False,19053,0.006
/content/data/doppler_traces/S1c/S1c_J1_stream_0.txt,S1c_J1,AR-1,c,J,1,P1,bedroom,M1,LOS,asus-rt-ac86u,0,8279,100,float64,False,8279,0.006
/content/data/doppler_traces/S1c/S1c_J1_stream_1.txt,S1c_J1,AR-1,c,J,1,P1,bedroom,M1,LOS,asus-rt-ac86u,1,8279,100,float64,False,8279,0.006
/content/data/doppler_traces/S1c/S1c_J1_stream_2.txt,S1c_J1,AR-1,c,J,1,P1,bedroom,M1,LOS,asus-rt-ac86u,2,8279,100,float64,False,8279,0.006
/content/data/doppler_traces/S1c/S1c_J1_stream_3.txt,S1c_J1,AR-1,c,J,1,P1,bedroom,M1,LOS,asus-rt-ac86u,3,8279,100,float64,False,8279,0.006
/content/data/doppler_traces/S1c/S1c_J2_stream_0.txt,S1c_J2,AR-1,c,J,2,P1,bedroom,M1,LOS,asus-rt-ac86u,0,8784,100,float64,False,8784,0.006
/content/data/doppler_traces/S1c/S1c_J2_stream_1.txt,S1c_J2,AR-1,c,J,2,P1,bedroom,M1,LOS,asus-rt-ac86u,1,8784,100,float64,False,8784,0.006
/content/data/doppler_traces/S1c/S1c_J2_stream_2.txt,S1c_J2,AR-1,c,J,2,P1,bedroom,M1,LOS,asus-rt-ac86u,2,8784,100,float64,False,8784,0.006
/content/data/doppler_traces/S1c/S1c_J2_stream_3.txt,S1c_J2,AR-1,c,J,2,P1,bedroom,M1,LOS,asus-rt-ac86u,3,8784,100,float64,False,8784,0.006
/content/data/doppler_traces/S1c/S1c_L_stream_0.txt,S1c_L,AR-1,c,L,,P1,bedroom,M1,LOS,asus-rt-ac86u,0,19547,100,float64,False,19547,0.006
/content/data/doppler_traces/S1c/S1c_L_stream_1.txt,S1c_L,AR-1,c,L,,P1,bedroom,M1,LOS,asus-rt-ac86u,1,19547,100,float64,False,19547,0.006
/content/data/doppler_traces/S1c/S1c_L_stream_2.txt,S1c_L,AR-1,c,L,,P1,bedroom,M1,LOS,asus-rt-ac86u,2,19547,100,float64,False,19547,0.006
/content/data/doppler_traces/S1c/S1c_L_stream_3.txt,S1c_L,AR-1,c,L,,P1,bedroom,M1,LOS,asus-rt-ac86u,3,19547,100,float64,False,19547,0.006
/content/data/doppler_traces/S1c/S1c_R_stream_0.txt,S1c_R,AR-1,c,R,,P1,bedroom,M1,LOS,asus-rt-ac86u,0,19197,100,float64,False,19197,0.006
/content/data/doppler_traces/S1c/S1c_R_stream_1.txt,S1c_R,AR-1,c,R,,P1,bedroom,M1,LOS,asus-rt-ac86u,1,19197,100,float64,False,19197,0.006
/content/data/doppler_traces/S1c/S1c_R_stream_2.txt,S1c_R,AR-1,c,R,,P1,bedroom,M1,LOS,asus-rt-ac86u,2,19197,100,float64,False,19197,0.006
/content/data/doppler_traces/S1c/S1c_R_stream_3.txt,S1c_R,AR-1,c,R,,P1,bedroom,M1,LOS,asus-rt-ac86u,3,19197,100,float64,False,19197,0.006
/content/data/doppler_traces/S1c/S1c_S_stream_0.txt,S1c_S,AR-1,c,S,,P1,bedroom,M1,LOS,asus-rt-ac86u,0,19017,100,float64,False,19017,0.006
/content/data/doppler_traces/S1c/S1c_S_stream_1.txt,S1c_S,AR-1,c,S,,P1,bedroom,M1,LOS,asus-rt-ac86u,1,19017,100,float64,False,19017,0.006
/content/data/doppler_traces/S1c/S1c_S_stream_2.txt,S1c_S,AR-1,c,S,,P1,bedroom,M1,LOS,asus-rt-ac86u,2,19017,100,float64,False,19017,0.006
/content/data/doppler_traces/S1c/S1c_S_stream_3.txt,S1c_S,AR-1,c,S,,P1,bedroom,M1,LOS,asus-rt-ac86u,3,19017,100,float64,False,19017,0.006
/content/data/doppler_traces/S1c/S1c_W_stream_0.txt,S1c_W,AR-1,c,W,,P1,bedroom,M1,LOS,asus-rt-ac86u,0,18896,100,float64,False,18896,0.006
/content/data/doppler_traces/S1c/S1c_W_stream_1.txt,S1c_W,AR-1,c,W,,P1,bedroom,M1,LOS,asus-rt-ac86u,1,18896,100,float64,False,18896,0.006
/content/data/doppler_traces/S1c/S1c_W_stream_2.txt,S1c_W,AR-1,c,W,,P1,bedroom,M1,LOS,asus-rt-ac86u,2,18896,100,float64,False,18896,0.006
/content/data/doppler_traces/S1c/S1c_W_stream_3.txt,S1c_W,AR-1,c,W,,P1,bedroom,M1,LOS,asus-rt-ac86u,3,18896,100,float64,False,18896,0.006
/content/data/doppler_traces/S2a/S2a_E_stream_0.txt,S2a_E,AR-2,a,E,,P1,bedroom,M1,LOS,asus-rt-ac86u,0,50227,100,float64,False,50227,0.006
/content/data/doppler_traces/S2a/S2a_E_stream_1.txt,S2a_E,AR-2,a,E,,P1,bedroom,M1,LOS,asus-rt-ac86u,1,50227,100,float64,False,50227,0.006
/content/data/doppler_traces/S2a/S2a_E_stream_2.txt,S2a_E,AR-2,a,E,,P1,bedroom,M1,LOS,asus-rt-ac86u,2,50227,100,float64,False,50227,0.006
/content/data/doppler_traces/S2a/S2a_E_stream_3.txt,S2a_E,AR-2,a,E,,P1,bedroom,M1,LOS,asus-rt-ac86u,3,50227,100,float64,False,50227,0.006
/content/data/doppler_traces/S2a/S2a_J_stream_0.txt,S2a_J,AR-2,a,J,,P1,bedroom,M1,LOS,asus-rt-ac86u,0,8689,100,float64,False,8689,0.006
/content/data/doppler_traces/S2a/S2a_J_stream_1.txt,S2a_J,AR-2,a,J,,P1,bedroom,M1,LOS,asus-rt-ac86u,1,8689,100,float64,False,8689,0.006
/content/data/doppler_traces/S2a/S2a_J_stream_2.txt,S2a_J,AR-2,a,J,,P1,bedroom,M1,LOS,asus-rt-ac86u,2,8689,100,float64,False,8689,0.006
/content/data/doppler_traces/S2a/S2a_J_stream_3.txt,S2a_J,AR-2,a,J,,P1,bedroom,M1,LOS,asus-rt-ac86u,3,8689,100,float64,False,8689,0.006
/content/data/doppler_traces/S2a/S2a_L_stream_0.txt,S2a_L,AR-2,a,L,,P1,bedroom,M1,LOS,asus-rt-ac86u,0,51052,100,float64,False,51052,0.006
/content/data/doppler_traces/S2a/S2a_L_stream_1.txt,S2a_L,AR-2,a,L,,P1,bedroom,M1,LOS,asus-rt-ac86u,1,51052,100,float64,False,51052,0.006
/content/data/doppler_traces/S2a/S2a_L_stream_2.txt,S2a_L,AR-2,a,L,,P1,bedroom,M1,LOS,asus-rt-ac86u,2,51052,100,float64,False,51052,0.006
/content/data/doppler_traces/S2a/S2a_L_stream_3.txt,S2a_L,AR-2,a,L,,P1,bedroom,M1,LOS,asus-rt-ac86u,3,51052,100,float64,False,51052,0.006
/content/data/doppler_traces/S2a/S2a_R_stream_0.txt,S2a_R,AR-2,a,R,,P1,bedroom,M1,LOS,asus-rt-ac86u,0,19190,100,float64,False,19190,0.006
/content/data/doppler_traces/S2a/S2a_R_stream_1.txt,S2a_R,AR-2,a,R,,P1,bedroom,M1,LOS,asus-rt-ac86u,1,19190,100,float64,False,19190,0.006
/content/data/doppler_traces/S2a/S2a_R_stream_2.txt,S2a_R,AR-2,a,R,,P1,bedroom,M1,LOS,asus-rt-ac86u,2,19190,100,float64,False,19190,0.006
/content/data/doppler_traces/S2a/S2a_R_stream_3.txt,S2a_R,AR-2,a,R,,P1,bedroom,M1,LOS,asus-rt-ac86u,3,19190,100,float64,False,19190,0.006
/content/data/doppler_traces/S2a/S2a_W_stream_0.txt,S2a_W,AR-2,a,W,,P1,bedroom,M1,LOS,asus-rt-ac86u,0,18993,100,float64,False,18993,0.006
/content/data/doppler_traces/S2a/S2a_W_stream_1.txt,S2a_W,AR-2,a,W,,P1,bedroom,M1,LOS,asus-rt-ac86u,1,18993,100,float64,False,18993,0.006
/content/data/doppler_traces/S2a/S2a_W_stream_2.txt,S2a_W,AR-2,a,W,,P1,bedroom,M1,LOS,asus-rt-ac86u,2,18993,100,float64,False,18993,0.006
/content/data/doppler_traces/S2a/S2a_W_stream_3.txt,S2a_W,AR-2,a,W,,P1,bedroom,M1,LOS,asus-rt-ac86u,3,18993,100,float64,False,18993,0.006
/content/data/doppler_traces/S2b/S2b_E_stream_0.txt,S2b_E,AR-2,b,E,,P1,bedroom,M1,LOS,asus-rt-ac86u,0,18595,100,float64,False,18595,0.006
/content/data/doppler_traces/S2b/S2b_E_stream_1.txt,S2b_E,AR-2,b,E,,P1,bedroom,M1,LOS,asus-rt-ac86u,1,18595,100,float64,False,18595,0.006
/content/data/doppler_traces/S2b/S2b_E_stream_2.txt,S2b_E,AR-2,b,E,,P1,bedroom,M1,LOS,asus-rt-ac86u,2,18595,100,float64,False,18595,0.006
/content/data/doppler_traces/S2b/S2b_E_stream_3.txt,S2b_E,AR-2,b,E,,P1,bedroom,M1,LOS,asus-rt-ac86u,3,18595,100,float64,False,18595,0.006
/content/data/doppler_traces/S2b/S2b_J1_stream_0.txt,S2b_J1,AR-2,b,J,1,P1,bedroom,M1,LOS,asus-rt-ac86u,0,8788,100,float64,False,8788,0.006
/content/data/doppler_traces/S2b/S2b_J1_stream_1.txt,S2b_J1,AR-2,b,J,1,P1,bedroom,M1,LOS,asus-rt-ac86u,1,8788,100,float64,False,8788,0.006
/content/data/doppler_traces/S2b/S2b_J1_stream_2.txt,S2b_J1,AR-2,b,J,1,P1,bedroom,M1,LOS,asus-rt-ac86u,2,8788,100,float64,False,8788,0.006
/content/data/doppler_traces/S2b/S2b_J1_stream_3.txt,S2b_J1,AR-2,b,J,1,P1,bedroom,M1,LOS,asus-rt-ac86u,3,8788,100,float64,False,8788,0.006
/content/data/doppler_traces/S2b/S2b_J2_stream_0.txt,S2b_J2,AR-2,b,J,2,P1,bedroom,M1,LOS,asus-rt-ac86u,0,8444,100,float64,False,8444,0.006
/content/data/doppler_traces/S2b/S2b_J2_stream_1.txt,S2b_J2,AR-2,b,J,2,P1,bedroom,M1,LOS,asus-rt-ac86u,1,8444,100,float64,False,8444,0.006
/content/data/doppler_traces/S2b/S2b_J2_stream_2.txt,S2b_J2,AR-2,b,J,2,P1,bedroom,M1,LOS,asus-rt-ac86u,2,8444,100,float64,False,8444,0.006
/content/data/doppler_traces/S2b/S2b_J2_stream_3.txt,S2b_J2,AR-2,b,J,2,P1,bedroom,M1,LOS,asus-rt-ac86u,3,8444,100,float64,False,8444,0.006
/content/data/doppler_traces/S2b/S2b_L_stream_0.txt,S2b_L,AR-2,b,L,,P1,bedroom,M1,LOS,asus-rt-ac86u,0,19430,100,float64,False,19430,0.006
/content/data/doppler_traces/S2b/S2b_L_stream_1.txt,S2b_L,AR-2,b,L,,P1,bedroom,M1,LOS,asus-rt-ac86u,1,19430,100,float64,False,19430,0.006
/content/data/doppler_traces/S2b/S2b_L_stream_2.txt,S2b_L,AR-2,b,L,,P1,bedroom,M1,LOS,asus-rt-ac86u,2,19430,100,float64,False,19430,0.006
/content/data/doppler_traces/S2b/S2b_L_stream_3.txt,S2b_L,AR-2,b,L,,P1,bedroom,M1,LOS,asus-rt-ac86u,3,19430,100,float64,False,19430,0.006
/content/data/doppler_traces/S2b/S2b_R_stream_0.txt,S2b_R,AR-2,b,R,,P1,bedroom,M1,LOS,asus-rt-ac86u,0,18784,100,float64,False,18784,0.006
/content/data/doppler_traces/S2b/S2b_R_stream_1.txt,S2b_R,AR-2,b,R,,P1,bedroom,M1,LOS,asus-rt-ac86u,1,18784,100,float64,False,18784,0.006
/content/data/doppler_traces/S2b/S2b_R_stream_2.txt,S2b_R,AR-2,b,R,,P1,bedroom,M1,LOS,asus-rt-ac86u,2,18784,100,float64,False,18784,0.006
/content/data/doppler_traces/S2b/S2b_R_stream_3.txt,S2b_R,AR-2,b,R,,P1,bedroom,M1,LOS,asus-rt-ac86u,3,18784,100,float64,False,18784,0.006
/content/data/doppler_traces/S2b/S2b_W_stream_0.txt,S2b_W,AR-2,b,W,,P1,bedroom,M1,LOS,asus-rt-ac86u,0,19097,100,float64,False,19097,0.006
/content/data/doppler_traces/S2b/S2b_W_stream_1.txt,S2b_W,AR-2,b,W,,P1,bedroom,M1,LOS,asus-rt-ac86u,1,19097,100,float64,False,19097,0.006
/content/data/doppler_traces/S2b/S2b_W_stream_2.txt,S2b_W,AR-2,b,W,,P1,bedroom,M1,LOS,asus-rt-ac86u,2,19097,100,float64,False,19097,0.006
/content/data/doppler_traces/S2b/S2b_W_stream_3.txt,S2b_W,AR-2,b,W,,P1,bedroom,M1,LOS,asus-rt-ac86u,3,19097,100,float64,False,19097,0.006
/content/data/doppler_traces/S3a/S3a_E_stream_0.txt,S3a_E,AR-3,a,E,,P2,bedroom,M1,LOS,asus-rt-ac86u,0,19994,100,float64,False,19994,0.006
/content/data/doppler_traces/S3a/S3a_E_stream_1.txt,S3a_E,AR-3,a,E,,P2,bedroom,M1,LOS,asus-rt-ac86u,1,19994,100,float64,False,19994,0.006
/content/data/doppler_traces/S3a/S3a_E_stream_2.txt,S3a_E,AR-3,a,E,,P2,bedroom,M1,LOS,asus-rt-ac86u,2,19994,100,float64,False,19994,0.006
/content/data/doppler_traces/S3a/S3a_E_stream_3.txt,S3a_E,AR-3,a,E,,P2,bedroom,M1,LOS,asus-rt-ac86u,3,19994,100,float64,False,19994,0.006
/content/data/doppler_traces/S3a/S3a_H_stream_0.txt,S3a_H,AR-3,a,H,,P2,bedroom,M1,LOS,asus-rt-ac86u,0,18941,100,float64,False,18941,0.006
/content/data/doppler_traces/S3a/S3a_H_stream_1.txt,S3a_H,AR-3,a,H,,P2,bedroom,M1,LOS,asus-rt-ac86u,1,18941,100,float64,False,18941,0.006
/content/data/doppler_traces/S3a/S3a_H_stream_2.txt,S3a_H,AR-3,a,H,,P2,bedroom,M1,LOS,asus-rt-ac86u,2,18941,100,float64,False,18941,0.006
/content/data/doppler_traces/S3a/S3a_H_stream_3.txt,S3a_H,AR-3,a,H,,P2,bedroom,M1,LOS,asus-rt-ac86u,3,18941,100,float64,False,18941,0.006
/content/data/doppler_traces/S3a/S3a_J1_stream_0.txt,S3a_J1,AR-3,a,J,1,P2,bedroom,M1,LOS,asus-rt-ac86u,0,8375,100,float64,False,8375,0.006
/content/data/doppler_traces/S3a/S3a_J1_stream_1.txt,S3a_J1,AR-3,a,J,1,P2,bedroom,M1,LOS,asus-rt-ac86u,1,8375,100,float64,False,8375,0.006
/content/data/doppler_traces/S3a/S3a_J1_stream_2.txt,S3a_J1,AR-3,a,J,1,P2,bedroom,M1,LOS,asus-rt-ac86u,2,8375,100,float64,False,8375,0.006
/content/data/doppler_traces/S3a/S3a_J1_stream_3.txt,S3a_J1,AR-3,a,J,1,P2,bedroom,M1,LOS,asus-rt-ac86u,3,8375,100,float64,False,8375,0.006
/content/data/doppler_traces/S3a/S3a_J2_stream_0.txt,S3a_J2,AR-3,a,J,2,P2,bedroom,M1,LOS,asus-rt-ac86u,0,8409,100,float64,False,8409,0.006
/content/data/doppler_traces/S3a/S3a_J2_stream_1.txt,S3a_J2,AR-3,a,J,2,P2,bedroom,M1,LOS,asus-rt-ac86u,1,8409,100,float64,False,8409,0.006
/content/data/doppler_traces/S3a/S3a_J2_stream_2.txt,S3a_J2,AR-3,a,J,2,P2,bedroom,M1,LOS,asus-rt-ac86u,2,8409,100,float64,False,8409,0.006
/content/data/doppler_traces/S3a/S3a_J2_stream_3.txt,S3a_J2,AR-3,a,J,2,P2,bedroom,M1,LOS,asus-rt-ac86u,3,8409,100,float64,False,8409,0.006
/content/data/doppler_traces/S3a/S3a_L_stream_0.txt,S3a_L,AR-3,a,L,,P2,bedroom,M1,LOS,asus-rt-ac86u,0,19393,100,float64,False,19393,0.006
/content/data/doppler_traces/S3a/S3a_L_stream_1.txt,S3a_L,AR-3,a,L,,P2,bedroom,M1,LOS,asus-rt-ac86u,1,19393,100,float64,False,19393,0.006
/content/data/doppler_traces/S3a/S3a_L_stream_2.txt,S3a_L,AR-3,a,L,,P2,bedroom,M1,LOS,asus-rt-ac86u,2,19393,100,float64,False,19393,0.006
/content/data/doppler_traces/S3a/S3a_L_stream_3.txt,S3a_L,AR-3,a,L,,P2,bedroom,M1,LOS,asus-rt-ac86u,3,19393,100,float64,False,19393,0.006
/content/data/doppler_traces/S3a/S3a_R_stream_0.txt,S3a_R,AR-3,a,R,,P2,bedroom,M1,LOS,asus-rt-ac86u,0,19557,100,float64,False,19557,0.006
/content/data/doppler_traces/S3a/S3a_R_stream_1.txt,S3a_R,AR-3,a,R,,P2,bedroom,M1,LOS,asus-rt-ac86u,1,19557,100,float64,False,19557,0.006
/content/data/doppler_traces/S3a/S3a_R_stream_2.txt,S3a_R,AR-3,a,R,,P2,bedroom,M1,LOS,asus-rt-ac86u,2,19557,100,float64,False,19557,0.006
/content/data/doppler_traces/S3a/S3a_R_stream_3.txt,S3a_R,AR-3,a,R,,P2,bedroom,M1,LOS,asus-rt-ac86u,3,19557,100,float64,False,19557,0.006
/content/data/doppler_traces/S3a/S3a_S_stream_0.txt,S3a_S,AR-3,a,S,,P2,bedroom,M1,LOS,asus-rt-ac86u,0,19001,100,float64,False,19001,0.006
/content/data/doppler_traces/S3a/S3a_S_stream_1.txt,S3a_S,AR-3,a,S,,P2,bedroom,M1,LOS,asus-rt-ac86u,1,19001,100,float64,False,19001,0.006
/content/data/doppler_traces/S3a/S3a_S_stream_2.txt,S3a_S,AR-3,a,S,,P2,bedroom,M1,LOS,asus-rt-ac86u,2,19001,100,float64,False,19001,0.006
/content/data/doppler_traces/S3a/S3a_S_stream_3.txt,S3a_S,AR-3,a,S,,P2,bedroom,M1,LOS,asus-rt-ac86u,3,19001,100,float64,False,19001,0.006
/content/data/doppler_traces/S3a/S3a_W_stream_0.txt,S3a_W,AR-3,a,W,,P2,bedroom,M1,LOS,asus-rt-ac86u,0,19070,100,float64,False,19070,0.006
/content/data/doppler_traces/S3a/S3a_W_stream_1.txt,S3a_W,AR-3,a,W,,P2,bedroom,M1,LOS,asus-rt-ac86u,1,19070,100,float64,False,19070,0.006
/content/data/doppler_traces/S3a/S3a_W_stream_2.txt,S3a_W,AR-3,a,W,,P2,bedroom,M1,LOS,asus-rt-ac86u,2,19070,100,float64,False,19070,0.006
/content/data/doppler_traces/S3a/S3a_W_stream_3.txt,S3a_W,AR-3,a,W,,P2,bedroom,M1,LOS,asus-rt-ac86u,3,19070,100,float64,False,19070,0.006
/content/data/doppler_traces/S4a/S4a_C1_stream_0.txt,S4a_C1,AR-4,a,C,1,P1,bedroom,M2,NLOS,asus-rt-ac86u,0,8739,100,float64,False,8739,0.006
/content/data/doppler_traces/S4a/S4a_C1_stream_1.txt,S4a_C1,AR-4,a,C,1,P1,bedroom,M2,NLOS,asus-rt-ac86u,1,8739,100,float64,False,8739,0.006
/content/data/doppler_traces/S4a/S4a_C1_stream_2.txt,S4a_C1,AR-4,a,C,1,P1,bedroom,M2,NLOS,asus-rt-ac86u,2,8739,100,float64,False,8739,0.006
/content/data/doppler_traces/S4a/S4a_C1_stream_3.txt,S4a_C1,AR-4,a,C,1,P1,bedroom,M2,NLOS,asus-rt-ac86u,3,8739,100,float64,False,8739,0.006
/content/data/doppler_traces/S4a/S4a_C2_stream_0.txt,S4a_C2,AR-4,a,C,2,P1,bedroom,M2,NLOS,asus-rt-ac86u,0,8711,100,float64,False,8711,0.006
/content/data/doppler_traces/S4a/S4a_C2_stream_1.txt,S4a_C2,AR-4,a,C,2,P1,bedroom,M2,NLOS,asus-rt-ac86u,1,8711,100,float64,False,8711,0.006
/content/data/doppler_traces/S4a/S4a_C2_stream_2.txt,S4a_C2,AR-4,a,C,2,P1,bedroom,M2,NLOS,asus-rt-ac86u,2,8711,100,float64,False,8711,0.006
/content/data/doppler_traces/S4a/S4a_C2_stream_3.txt,S4a_C2,AR-4,a,C,2,P1,bedroom,M2,NLOS,asus-rt-ac86u,3,8711,100,float64,False,8711,0.006
/content/data/doppler_traces/S4a/S4a_E_stream_0.txt,S4a_E,AR-4,a,E,,P1,bedroom,M2,NLOS,asus-rt-ac86u,0,19460,100,float64,False,19460,0.006
/content/data/doppler_traces/S4a/S4a_E_stream_1.txt,S4a_E,AR-4,a,E,,P1,bedroom,M2,NLOS,asus-rt-ac86u,1,19460,100,float64,False,19460,0.006
/content/data/doppler_traces/S4a/S4a_E_stream_2.txt,S4a_E,AR-4,a,E,,P1,bedroom,M2,NLOS,asus-rt-ac86u,2,19460,100,float64,False,19460,0.006
/content/data/doppler_traces/S4a/S4a_E_stream_3.txt,S4a_E,AR-4,a,E,,P1,bedroom,M2,NLOS,asus-rt-ac86u,3,19460,100,float64,False,19460,0.006
/content/data/doppler_traces/S4a/S4a_H1_stream_0.txt,S4a_H1,AR-4,a,H,1,P1,bedroom,M2,NLOS,asus-rt-ac86u,0,8726,100,float64,False,8726,0.006
/content/data/doppler_traces/S4a/S4a_H1_stream_1.txt,S4a_H1,AR-4,a,H,1,P1,bedroom,M2,NLOS,asus-rt-ac86u,1,8726,100,float64,False,8726,0.006
/content/data/doppler_traces/S4a/S4a_H1_stream_2.txt,S4a_H1,AR-4,a,H,1,P1,bedroom,M2,NLOS,asus-rt-ac86u,2,8726,100,float64,False,8726,0.006
/content/data/doppler_traces/S4a/S4a_H1_stream_3.txt,S4a_H1,AR-4,a,H,1,P1,bedroom,M2,NLOS,asus-rt-ac86u,3,8726,100,float64,False,8726,0.006
/content/data/doppler_traces/S4a/S4a_H2_stream_0.txt,S4a_H2,AR-4,a,H,2,P1,bedroom,M2,NLOS,asus-rt-ac86u,0,8748,100,float64,False,8748,0.006
/content/data/doppler_traces/S4a/S4a_H2_stream_1.txt,S4a_H2,AR-4,a,H,2,P1,bedroom,M2,NLOS,asus-rt-ac86u,1,8748,100,float64,False,8748,0.006
/content/data/doppler_traces/S4a/S4a_H2_stream_2.txt,S4a_H2,AR-4,a,H,2,P1,bedroom,M2,NLOS,asus-rt-ac86u,2,8748,100,float64,False,8748,0.006
/content/data/doppler_traces/S4a/S4a_H2_stream_3.txt,S4a_H2,AR-4,a,H,2,P1,bedroom,M2,NLOS,asus-rt-ac86u,3,8748,100,float64,False,8748,0.006
/content/data/doppler_traces/S4a/S4a_J1_stream_0.txt,S4a_J1,AR-4,a,J,1,P1,bedroom,M2,NLOS,asus-rt-ac86u,0,8625,100,float64,False,8625,0.006
/content/data/doppler_traces/S4a/S4a_J1_stream_1.txt,S4a_J1,AR-4,a,J,1,P1,bedroom,M2,NLOS,asus-rt-ac86u,1,8625,100,float64,False,8625,0.006
/content/data/doppler_traces/S4a/S4a_J1_stream_2.txt,S4a_J1,AR-4,a,J,1,P1,bedroom,M2,NLOS,asus-rt-ac86u,2,8625,100,float64,False,8625,0.006
/content/data/doppler_traces/S4a/S4a_J1_stream_3.txt,S4a_J1,AR-4,a,J,1,P1,bedroom,M2,NLOS,asus-rt-ac86u,3,8625,100,float64,False,8625,0.006
/content/data/doppler_traces/S4a/S4a_J2_stream_0.txt,S4a_J2,AR-4,a,J,2,P1,bedroom,M2,NLOS,asus-rt-ac86u,0,8464,100,float64,False,8464,0.006
/content/data/doppler_traces/S4a/S4a_J2_stream_1.txt,S4a_J2,AR-4,a,J,2,P1,bedroom,M2,NLOS,asus-rt-ac86u,1,8464,100,float64,False,8464,0.006
/content/data/doppler_traces/S4a/S4a_J2_stream_2.txt,S4a_J2,AR-4,a,J,2,P1,bedroom,M2,NLOS,asus-rt-ac86u,2,8464,100,float64,False,8464,0.006
/content/data/doppler_traces/S4a/S4a_J2_stream_3.txt,S4a_J2,AR-4,a,J,2,P1,bedroom,M2,NLOS,asus-rt-ac86u,3,8464,100,float64,False,8464,0.006
/content/data/doppler_traces/S4a/S4a_L_stream_0.txt,S4a_L,AR-4,a,L,,P1,bedroom,M2,NLOS,asus-rt-ac86u,0,19430,100,float64,False,19430,0.006
/content/data/doppler_traces/S4a/S4a_L_stream_1.txt,S4a_L,AR-4,a,L,,P1,bedroom,M2,NLOS,asus-rt-ac86u,1,19430,100,float64,False,19430,0.006
/content/data/doppler_traces/S4a/S4a_L_stream_2.txt,S4a_L,AR-4,a,L,,P1,bedroom,M2,NLOS,asus-rt-ac86u,2,19430,100,float64,False,19430,0.006
/content/data/doppler_traces/S4a/S4a_L_stream_3.txt,S4a_L,AR-4,a,L,,P1,bedroom,M2,NLOS,asus-rt-ac86u,3,19430,100,float64,False,19430,0.006
/content/data/doppler_traces/S4a/S4a_R_stream_0.txt,S4a_R,AR-4,a,R,,P1,bedroom,M2,NLOS,asus-rt-ac86u,0,19187,100,float64,False,19187,0.006
/content/data/doppler_traces/S4a/S4a_R_stream_1.txt,S4a_R,AR-4,a,R,,P1,bedroom,M2,NLOS,asus-rt-ac86u,1,19187,100,float64,False,19187,0.006
/content/data/doppler_traces/S4a/S4a_R_stream_2.txt,S4a_R,AR-4,a,R,,P1,bedroom,M2,NLOS,asus-rt-ac86u,2,19187,100,float64,False,19187,0.006
/content/data/doppler_traces/S4a/S4a_R_stream_3.txt,S4a_R,AR-4,a,R,,P1,bedroom,M2,NLOS,asus-rt-ac86u,3,19187,100,float64,False,19187,0.006
/content/data/doppler_traces/S4a/S4a_S_stream_0.txt,S4a_S,AR-4,a,S,,P1,bedroom,M2,NLOS,asus-rt-ac86u,0,19018,100,float64,False,19018,0.006
/content/data/doppler_traces/S4a/S4a_S_stream_1.txt,S4a_S,AR-4,a,S,,P1,bedroom,M2,NLOS,asus-rt-ac86u,1,19018,100,float64,False,19018,0.006
/content/data/doppler_traces/S4a/S4a_S_stream_2.txt,S4a_S,AR-4,a,S,,P1,bedroom,M2,NLOS,asus-rt-ac86u,2,19018,100,float64,False,19018,0.006
/content/data/doppler_traces/S4a/S4a_S_stream_3.txt,S4a_S,AR-4,a,S,,P1,bedroom,M2,NLOS,asus-rt-ac86u,3,19018,100,float64,False,19018,0.006
/content/data/doppler_traces/S4a/S4a_W_stream_0.txt,S4a_W,AR-4,a,W,,P1,bedroom,M2,NLOS,asus-rt-ac86u,0,18609,100,float64,False,18609,0.006
/content/data/doppler_traces/S4a/S4a_W_stream_1.txt,S4a_W,AR-4,a,W,,P1,bedroom,M2,NLOS,asus-rt-ac86u,1,18609,100,float64,False,18609,0.006
/content/data/doppler_traces/S4a/S4a_W_stream_2.txt,S4a_W,AR-4,a,W,,P1,bedroom,M2,NLOS,asus-rt-ac86u,2,18609,100,float64,False,18609,0.006
/content/data/doppler_traces/S4a/S4a_W_stream_3.txt,S4a_W,AR-4,a,W,,P1,bedroom,M2,NLOS,asus-rt-ac86u,3,18609,100,float64,False,18609,0.006
/content/data/doppler_traces/S4b/S4b_E_stream_0.txt,S4b_E,AR-4,b,E,,P1,bedroom,M2,NLOS,asus-rt-ac86u,0,18943,100,float64,False,18943,0.006
/content/data/doppler_traces/S4b/S4b_E_stream_1.txt,S4b_E,AR-4,b,E,,P1,bedroom,M2,NLOS,asus-rt-ac86u,1,18943,100,float64,False,18943,0.006
/content/data/doppler_traces/S4b/S4b_E_stream_2.txt,S4b_E,AR-4,b,E,,P1,bedroom,M2,NLOS,asus-rt-ac86u,2,18943,100,float64,False,18943,0.006
/content/data/doppler_traces/S4b/S4b_E_stream_3.txt,S4b_E,AR-4,b,E,,P1,bedroom,M2,NLOS,asus-rt-ac86u,3,18943,100,float64,False,18943,0.006
/content/data/doppler_traces/S4b/S4b_J1_stream_0.txt,S4b_J1,AR-4,b,J,1,P1,bedroom,M2,NLOS,asus-rt-ac86u,0,8715,100,float64,False,8715,0.006
/content/data/doppler_traces/S4b/S4b_J1_stream_1.txt,S4b_J1,AR-4,b,J,1,P1,bedroom,M2,NLOS,asus-rt-ac86u,1,8715,100,float64,False,8715,0.006
/content/data/doppler_traces/S4b/S4b_J1_stream_2.txt,S4b_J1,AR-4,b,J,1,P1,bedroom,M2,NLOS,asus-rt-ac86u,2,8715,100,float64,False,8715,0.006
/content/data/doppler_traces/S4b/S4b_J1_stream_3.txt,S4b_J1,AR-4,b,J,1,P1,bedroom,M2,NLOS,asus-rt-ac86u,3,8715,100,float64,False,8715,0.006
/content/data/doppler_traces/S4b/S4b_J2_stream_0.txt,S4b_J2,AR-4,b,J,2,P1,bedroom,M2,NLOS,asus-rt-ac86u,0,8994,100,float64,False,8994,0.006
/content/data/doppler_traces/S4b/S4b_J2_stream_1.txt,S4b_J2,AR-4,b,J,2,P1,bedroom,M2,NLOS,asus-rt-ac86u,1,8994,100,float64,False,8994,0.006
/content/data/doppler_traces/S4b/S4b_J2_stream_2.txt,S4b_J2,AR-4,b,J,2,P1,bedroom,M2,NLOS,asus-rt-ac86u,2,8994,100,float64,False,8994,0.006
/content/data/doppler_traces/S4b/S4b_J2_stream_3.txt,S4b_J2,AR-4,b,J,2,P1,bedroom,M2,NLOS,asus-rt-ac86u,3,8994,100,float64,False,8994,0.006
/content/data/doppler_traces/S4b/S4b_L_stream_0.txt,S4b_L,AR-4,b,L,,P1,bedroom,M2,NLOS,asus-rt-ac86u,0,19072,100,float64,False,19072,0.006
/content/data/doppler_traces/S4b/S4b_L_stream_1.txt,S4b_L,AR-4,b,L,,P1,bedroom,M2,NLOS,asus-rt-ac86u,1,19072,100,float64,False,19072,0.006
/content/data/doppler_traces/S4b/S4b_L_stream_2.txt,S4b_L,AR-4,b,L,,P1,bedroom,M2,NLOS,asus-rt-ac86u,2,19072,100,float64,False,19072,0.006
/content/data/doppler_traces/S4b/S4b_L_stream_3.txt,S4b_L,AR-4,b,L,,P1,bedroom,M2,NLOS,asus-rt-ac86u,3,19072,100,float64,False,19072,0.006
/content/data/doppler_traces/S4b/S4b_R_stream_0.txt,S4b_R,AR-4,b,R,,P1,bedroom,M2,NLOS,asus-rt-ac86u,0,19344,100,float64,False,19344,0.006
/content/data/doppler_traces/S4b/S4b_R_stream_1.txt,S4b_R,AR-4,b,R,,P1,bedroom,M2,NLOS,asus-rt-ac86u,1,19344,100,float64,False,19344,0.006
/content/data/doppler_traces/S4b/S4b_R_stream_2.txt,S4b_R,AR-4,b,R,,P1,bedroom,M2,NLOS,asus-rt-ac86u,2,19344,100,float64,False,19344,0.006
/content/data/doppler_traces/S4b/S4b_R_stream_3.txt,S4b_R,AR-4,b,R,,P1,bedroom,M2,NLOS,asus-rt-ac86u,3,19344,100,float64,False,19344,0.006
/content/data/doppler_traces/S4b/S4b_W_stream_0.txt,S4b_W,AR-4,b,W,,P1,bedroom,M2,NLOS,asus-rt-ac86u,0,18343,100,float64,False,18343,0.006
/content/data/doppler_traces/S4b/S4b_W_stream_1.txt,S4b_W,AR-4,b,W,,P1,bedroom,M2,NLOS,asus-rt-ac86u,1,18343,100,float64,False,18343,0.006
/content/data/doppler_traces/S4b/S4b_W_stream_2.txt,S4b_W,AR-4,b,W,,P1,bedroom,M2,NLOS,asus-rt-ac86u,2,18343,100,float64,False,18343,0.006
/content/data/doppler_traces/S4b/S4b_W_stream_3.txt,S4b_W,AR-4,b,W,,P1,bedroom,M2,NLOS,asus-rt-ac86u,3,18343,100,float64,False,18343,0.006
/content/data/doppler_traces/S5a/S5a_C1_stream_0.txt,S5a_C1,AR-5,a,C,1,P2,bedroom,M2,NLOS,asus-rt-ac86u,0,8698,100,float64,False,8698,0.006
/content/data/doppler_traces/S5a/S5a_C1_stream_1.txt,S5a_C1,AR-5,a,C,1,P2,bedroom,M2,NLOS,asus-rt-ac86u,1,8698,100,float64,False,8698,0.006
/content/data/doppler_traces/S5a/S5a_C1_stream_2.txt,S5a_C1,AR-5,a,C,1,P2,bedroom,M2,NLOS,asus-rt-ac86u,2,8698,100,float64,False,8698,0.006
/content/data/doppler_traces/S5a/S5a_C1_stream_3.txt,S5a_C1,AR-5,a,C,1,P2,bedroom,M2,NLOS,asus-rt-ac86u,3,8698,100,float64,False,8698,0.006
/content/data/doppler_traces/S5a/S5a_C2_stream_0.txt,S5a_C2,AR-5,a,C,2,P2,bedroom,M2,NLOS,asus-rt-ac86u,0,8719,100,float64,False,8719,0.006
/content/data/doppler_traces/S5a/S5a_C2_stream_1.txt,S5a_C2,AR-5,a,C,2,P2,bedroom,M2,NLOS,asus-rt-ac86u,1,8719,100,float64,False,8719,0.006
/content/data/doppler_traces/S5a/S5a_C2_stream_2.txt,S5a_C2,AR-5,a,C,2,P2,bedroom,M2,NLOS,asus-rt-ac86u,2,8719,100,float64,False,8719,0.006
/content/data/doppler_traces/S5a/S5a_C2_stream_3.txt,S5a_C2,AR-5,a,C,2,P2,bedroom,M2,NLOS,asus-rt-ac86u,3,8719,100,float64,False,8719,0.006
/content/data/doppler_traces/S5a/S5a_E_stream_0.txt,S5a_E,AR-5,a,E,,P2,bedroom,M2,NLOS,asus-rt-ac86u,0,19183,100,float64,False,19183,0.006
/content/data/doppler_traces/S5a/S5a_E_stream_1.txt,S5a_E,AR-5,a,E,,P2,bedroom,M2,NLOS,asus-rt-ac86u,1,19183,100,float64,False,19183,0.006
/content/data/doppler_traces/S5a/S5a_E_stream_2.txt,S5a_E,AR-5,a,E,,P2,bedroom,M2,NLOS,asus-rt-ac86u,2,19183,100,float64,False,19183,0.006
/content/data/doppler_traces/S5a/S5a_E_stream_3.txt,S5a_E,AR-5,a,E,,P2,bedroom,M2,NLOS,asus-rt-ac86u,3,19183,100,float64,False,19183,0.006
/content/data/doppler_traces/S5a/S5a_H1_stream_0.txt,S5a_H1,AR-5,a,H,1,P2,bedroom,M2,NLOS,asus-rt-ac86u,0,8698,100,float64,False,8698,0.006
/content/data/doppler_traces/S5a/S5a_H1_stream_1.txt,S5a_H1,AR-5,a,H,1,P2,bedroom,M2,NLOS,asus-rt-ac86u,1,8698,100,float64,False,8698,0.006
/content/data/doppler_traces/S5a/S5a_H1_stream_2.txt,S5a_H1,AR-5,a,H,1,P2,bedroom,M2,NLOS,asus-rt-ac86u,2,8698,100,float64,False,8698,0.006
/content/data/doppler_traces/S5a/S5a_H1_stream_3.txt,S5a_H1,AR-5,a,H,1,P2,bedroom,M2,NLOS,asus-rt-ac86u,3,8698,100,float64,False,8698,0.006
/content/data/doppler_traces/S5a/S5a_H2_stream_0.txt,S5a_H2,AR-5,a,H,2,P2,bedroom,M2,NLOS,asus-rt-ac86u,0,8712,100,float64,False,8712,0.006
/content/data/doppler_traces/S5a/S5a_H2_stream_1.txt,S5a_H2,AR-5,a,H,2,P2,bedroom,M2,NLOS,asus-rt-ac86u,1,8712,100,float64,False,8712,0.006
/content/data/doppler_traces/S5a/S5a_H2_stream_2.txt,S5a_H2,AR-5,a,H,2,P2,bedroom,M2,NLOS,asus-rt-ac86u,2,8712,100,float64,False,8712,0.006
/content/data/doppler_traces/S5a/S5a_H2_stream_3.txt,S5a_H2,AR-5,a,H,2,P2,bedroom,M2,NLOS,asus-rt-ac86u,3,8712,100,float64,False,8712,0.006
/content/data/doppler_traces/S5a/S5a_J1_stream_0.txt,S5a_J1,AR-5,a,J,1,P2,bedroom,M2,NLOS,asus-rt-ac86u,0,8676,100,float64,False,8676,0.006
/content/data/doppler_traces/S5a/S5a_J1_stream_1.txt,S5a_J1,AR-5,a,J,1,P2,bedroom,M2,NLOS,asus-rt-ac86u,1,8676,100,float64,False,8676,0.006
/content/data/doppler_traces/S5a/S5a_J1_stream_2.txt,S5a_J1,AR-5,a,J,1,P2,bedroom,M2,NLOS,asus-rt-ac86u,2,8676,100,float64,False,8676,0.006
/content/data/doppler_traces/S5a/S5a_J1_stream_3.txt,S5a_J1,AR-5,a,J,1,P2,bedroom,M2,NLOS,asus-rt-ac86u,3,8676,100,float64,False,8676,0.006
/content/data/doppler_traces/S5a/S5a_J2_stream_0.txt,S5a_J2,AR-5,a,J,2,P2,bedroom,M2,NLOS,asus-rt-ac86u,0,8330,100,float64,False,8330,0.006
/content/data/doppler_traces/S5a/S5a_J2_stream_1.txt,S5a_J2,AR-5,a,J,2,P2,bedroom,M2,NLOS,asus-rt-ac86u,1,8330,100,float64,False,8330,0.006
/content/data/doppler_traces/S5a/S5a_J2_stream_2.txt,S5a_J2,AR-5,a,J,2,P2,bedroom,M2,NLOS,asus-rt-ac86u,2,8330,100,float64,False,8330,0.006
/content/data/doppler_traces/S5a/S5a_J2_stream_3.txt,S5a_J2,AR-5,a,J,2,P2,bedroom,M2,NLOS,asus-rt-ac86u,3,8330,100,float64,False,8330,0.006
/content/data/doppler_traces/S5a/S5a_LOS_stream_0.txt,S5a_LOS,AR-5,a,LOS,,P2,bedroom,M2,NLOS,asus-rt-ac86u,0,19430,100,float64,False,19430,0.006
/content/data/doppler_traces/S5a/S5a_LOS_stream_1.txt,S5a_LOS,AR-5,a,LOS,,P2,bedroom,M2,NLOS,asus-rt-ac86u,1,19430,100,float64,False,19430,0.006
/content/data/doppler_traces/S5a/S5a_LOS_stream_2.txt,S5a_LOS,AR-5,a,LOS,,P2,bedroom,M2,NLOS,asus-rt-ac86u,2,19430,100,float64,False,19430,0.006
/content/data/doppler_traces/S5a/S5a_LOS_stream_3.txt,S5a_LOS,AR-5,a,LOS,,P2,bedroom,M2,NLOS,asus-rt-ac86u,3,19430,100,float64,False,19430,0.006
/content/data/doppler_traces/S5a/S5a_L_stream_0.txt,S5a_L,AR-5,a,L,,P2,bedroom,M2,NLOS,asus-rt-ac86u,0,19430,100,float64,False,19430,0.006
/content/data/doppler_traces/S5a/S5a_L_stream_1.txt,S5a_L,AR-5,a,L,,P2,bedroom,M2,NLOS,asus-rt-ac86u,1,19430,100,float64,False,19430,0.006
/content/data/doppler_traces/S5a/S5a_L_stream_2.txt,S5a_L,AR-5,a,L,,P2,bedroom,M2,NLOS,asus-rt-ac86u,2,19430,100,float64,False,19430,0.006
/content/data/doppler_traces/S5a/S5a_L_stream_3.txt,S5a_L,AR-5,a,L,,P2,bedroom,M2,NLOS,asus-rt-ac86u,3,19430,100,float64,False,19430,0.006
/content/data/doppler_traces/S5a/S5a_R_stream_0.txt,S5a_R,AR-5,a,R,,P2,bedroom,M2,NLOS,asus-rt-ac86u,0,18840,100,float64,False,18840,0.006
/content/data/doppler_traces/S5a/S5a_R_stream_1.txt,S5a_R,AR-5,a,R,,P2,bedroom,M2,NLOS,asus-rt-ac86u,1,18840,100,float64,False,18840,0.006
/content/data/doppler_traces/S5a/S5a_R_stream_2.txt,S5a_R,AR-5,a,R,,P2,bedroom,M2,NLOS,asus-rt-ac86u,2,18840,100,float64,False,18840,0.006
/content/data/doppler_traces/S5a/S5a_R_stream_3.txt,S5a_R,AR-5,a,R,,P2,bedroom,M2,NLOS,asus-rt-ac86u,3,18840,100,float64,False,18840,0.006
/content/data/doppler_traces/S5a/S5a_W_stream_0.txt,S5a_W,AR-5,a,W,,P2,bedroom,M2,NLOS,asus-rt-ac86u,0,19346,100,float64,False,19346,0.006
/content/data/doppler_traces/S5a/S5a_W_stream_1.txt,S5a_W,AR-5,a,W,,P2,bedroom,M2,NLOS,asus-rt-ac86u,1,19346,100,float64,False,19346,0.006
/content/data/doppler_traces/S5a/S5a_W_stream_2.txt,S5a_W,AR-5,a,W,,P2,bedroom,M2,NLOS,asus-rt-ac86u,2,19346,100,float64,False,19346,0.006
/content/data/doppler_traces/S5a/S5a_W_stream_3.txt,S5a_W,AR-5,a,W,,P2,bedroom,M2,NLOS,asus-rt-ac86u,3,19346,100,float64,False,19346,0.006
/content/data/doppler_traces/S6a/S6a_C_stream_0.txt,S6a_C,AR-6,a,C,,P1,living_room,M3,LOS,asus-rt-ac86u,0,19066,100,float64,False,19066,0.006
/content/data/doppler_traces/S6a/S6a_C_stream_1.txt,S6a_C,AR-6,a,C,,P1,living_room,M3,LOS,asus-rt-ac86u,1,19066,100,float64,False,19066,0.006
/content/data/doppler_traces/S6a/S6a_C_stream_2.txt,S6a_C,AR-6,a,C,,P1,living_room,M3,LOS,asus-rt-ac86u,2,19066,100,float64,False,19066,0.006
/content/data/doppler_traces/S6a/S6a_C_stream_3.txt,S6a_C,AR-6,a,C,,P1,living_room,M3,LOS,asus-rt-ac86u,3,19066,100,float64,False,19066,0.006
/content/data/doppler_traces/S6a/S6a_E_stream_0.txt,S6a_E,AR-6,a,E,,P1,living_room,M3,LOS,asus-rt-ac86u,0,18567,100,float64,False,18567,0.006
/content/data/doppler_traces/S6a/S6a_E_stream_1.txt,S6a_E,AR-6,a,E,,P1,living_room,M3,LOS,asus-rt-ac86u,1,18567,100,float64,False,18567,0.006
/content/data/doppler_traces/S6a/S6a_E_stream_2.txt,S6a_E,AR-6,a,E,,P1,living_room,M3,LOS,asus-rt-ac86u,2,18567,100,float64,False,18567,0.006
/content/data/doppler_traces/S6a/S6a_E_stream_3.txt,S6a_E,AR-6,a,E,,P1,living_room,M3,LOS,asus-rt-ac86u,3,18567,100,float64,False,18567,0.006
/content/data/doppler_traces/S6a/S6a_H_stream_0.txt,S6a_H,AR-6,a,H,,P1,living_room,M3,LOS,asus-rt-ac86u,0,19052,100,float64,False,19052,0.006
/content/data/doppler_traces/S6a/S6a_H_stream_1.txt,S6a_H,AR-6,a,H,,P1,living_room,M3,LOS,asus-rt-ac86u,1,19052,100,float64,False,19052,0.006
/content/data/doppler_traces/S6a/S6a_H_stream_2.txt,S6a_H,AR-6,a,H,,P1,living_room,M3,LOS,asus-rt-ac86u,2,19052,100,float64,False,19052,0.006
/content/data/doppler_traces/S6a/S6a_H_stream_3.txt,S6a_H,AR-6,a,H,,P1,living_room,M3,LOS,asus-rt-ac86u,3,19052,100,float64,False,19052,0.006
/content/data/doppler_traces/S6a/S6a_J1_stream_0.txt,S6a_J1,AR-6,a,J,1,P1,living_room,M3,LOS,asus-rt-ac86u,0,8704,100,float64,False,8704,0.006
/content/data/doppler_traces/S6a/S6a_J1_stream_1.txt,S6a_J1,AR-6,a,J,1,P1,living_room,M3,LOS,asus-rt-ac86u,1,8704,100,float64,False,8704,0.006
/content/data/doppler_traces/S6a/S6a_J1_stream_2.txt,S6a_J1,AR-6,a,J,1,P1,living_room,M3,LOS,asus-rt-ac86u,2,8704,100,float64,False,8704,0.006
/content/data/doppler_traces/S6a/S6a_J1_stream_3.txt,S6a_J1,AR-6,a,J,1,P1,living_room,M3,LOS,asus-rt-ac86u,3,8704,100,float64,False,8704,0.006
/content/data/doppler_traces/S6a/S6a_J2_stream_0.txt,S6a_J2,AR-6,a,J,2,P1,living_room,M3,LOS,asus-rt-ac86u,0,8778,100,float64,False,8778,0.006
/content/data/doppler_traces/S6a/S6a_J2_stream_1.txt,S6a_J2,AR-6,a,J,2,P1,living_room,M3,LOS,asus-rt-ac86u,1,8778,100,float64,False,8778,0.006
/content/data/doppler_traces/S6a/S6a_J2_stream_2.txt,S6a_J2,AR-6,a,J,2,P1,living_room,M3,LOS,asus-rt-ac86u,2,8778,100,float64,False,8778,0.006
/content/data/doppler_traces/S6a/S6a_J2_stream_3.txt,S6a_J2,AR-6,a,J,2,P1,living_room,M3,LOS,asus-rt-ac86u,3,8778,100,float64,False,8778,0.006
/content/data/doppler_traces/S6a/S6a_L_stream_0.txt,S6a_L,AR-6,a,L,,P1,living_room,M3,LOS,asus-rt-ac86u,0,18779,100,float64,False,18779,0.006
/content/data/doppler_traces/S6a/S6a_L_stream_1.txt,S6a_L,AR-6,a,L,,P1,living_room,M3,LOS,asus-rt-ac86u,1,18779,100,float64,False,18779,0.006
/content/data/doppler_traces/S6a/S6a_L_stream_2.txt,S6a_L,AR-6,a,L,,P1,living_room,M3,LOS,asus-rt-ac86u,2,18779,100,float64,False,18779,0.006
/content/data/doppler_traces/S6a/S6a_L_stream_3.txt,S6a_L,AR-6,a,L,,P1,living_room,M3,LOS,asus-rt-ac86u,3,18779,100,float64,False,18779,0.006
/content/data/doppler_traces/S6a/S6a_R_stream_0.txt,S6a_R,AR-6,a,R,,P1,living_room,M3,LOS,asus-rt-ac86u,0,19428,100,float64,False,19428,0.006
/content/data/doppler_traces/S6a/S6a_R_stream_1.txt,S6a_R,AR-6,a,R,,P1,living_room,M3,LOS,asus-rt-ac86u,1,19428,100,float64,False,19428,0.006
/content/data/doppler_traces/S6a/S6a_R_stream_2.txt,S6a_R,AR-6,a,R,,P1,living_room,M3,LOS,asus-rt-ac86u,2,19428,100,float64,False,19428,0.006
/content/data/doppler_traces/S6a/S6a_R_stream_3.txt,S6a_R,AR-6,a,R,,P1,living_room,M3,LOS,asus-rt-ac86u,3,19428,100,float64,False,19428,0.006
/content/data/doppler_traces/S6a/S6a_S_stream_0.txt,S6a_S,AR-6,a,S,,P1,living_room,M3,LOS,asus-rt-ac86u,0,19043,100,float64,False,19043,0.006
/content/data/doppler_traces/S6a/S6a_S_stream_1.txt,S6a_S,AR-6,a,S,,P1,living_room,M3,LOS,asus-rt-ac86u,1,19043,100,float64,False,19043,0.006
/content/data/doppler_traces/S6a/S6a_S_stream_2.txt,S6a_S,AR-6,a,S,,P1,living_room,M3,LOS,asus-rt-ac86u,2,19043,100,float64,False,19043,0.006
/content/data/doppler_traces/S6a/S6a_S_stream_3.txt,S6a_S,AR-6,a,S,,P1,living_room,M3,LOS,asus-rt-ac86u,3,19043,100,float64,False,19043,0.006
/content/data/doppler_traces/S6a/S6a_W_stream_0.txt,S6a_W,AR-6,a,W,,P1,living_room,M3,LOS,asus-rt-ac86u,0,19155,100,float64,False,19155,0.006
/content/data/doppler_traces/S6a/S6a_W_stream_1.txt,S6a_W,AR-6,a,W,,P1,living_room,M3,LOS,asus-rt-ac86u,1,19155,100,float64,False,19155,0.006
/content/data/doppler_traces/S6a/S6a_W_stream_2.txt,S6a_W,AR-6,a,W,,P1,living_room,M3,LOS,asus-rt-ac86u,2,19155,100,float64,False,19155,0.006
/content/data/doppler_traces/S6a/S6a_W_stream_3.txt,S6a_W,AR-6,a,W,,P1,living_room,M3,LOS,asus-rt-ac86u,3,19155,100,float64,False,19155,0.006
/content/data/doppler_traces/S6b/S6b_E_stream_0.txt,S6b_E,AR-6,b,E,,P1,living_room,M3,LOS,asus-rt-ac86u,0,19186,100,float64,False,19186,0.006
/content/data/doppler_traces/S6b/S6b_E_stream_1.txt,S6b_E,AR-6,b,E,,P1,living_room,M3,LOS,asus-rt-ac86u,1,19186,100,float64,False,19186,0.006
/content/data/doppler_traces/S6b/S6b_E_stream_2.txt,S6b_E,AR-6,b,E,,P1,living_room,M3,LOS,asus-rt-ac86u,2,19186,100,float64,False,19186,0.006
/content/data/doppler_traces/S6b/S6b_E_stream_3.txt,S6b_E,AR-6,b,E,,P1,living_room,M3,LOS,asus-rt-ac86u,3,19186,100,float64,False,19186,0.006
/content/data/doppler_traces/S6b/S6b_J1_stream_0.txt,S6b_J1,AR-6,b,J,1,P1,living_room,M3,LOS,asus-rt-ac86u,0,8935,100,float64,False,8935,0.006
/content/data/doppler_traces/S6b/S6b_J1_stream_1.txt,S6b_J1,AR-6,b,J,1,P1,living_room,M3,LOS,asus-rt-ac86u,1,8935,100,float64,False,8935,0.006
/content/data/doppler_traces/S6b/S6b_J1_stream_2.txt,S6b_J1,AR-6,b,J,1,P1,living_room,M3,LOS,asus-rt-ac86u,2,8935,100,float64,False,8935,0.006
/content/data/doppler_traces/S6b/S6b_J1_stream_3.txt,S6b_J1,AR-6,b,J,1,P1,living_room,M3,LOS,asus-rt-ac86u,3,8935,100,float64,False,8935,0.006
/content/data/doppler_traces/S6b/S6b_J_0_stream_0.txt,S6b_J0,AR-6,b,J,0,P1,living_room,M3,LOS,asus-rt-ac86u,0,8764,100,float64,False,8764,0.006
/content/data/doppler_traces/S6b/S6b_J_0_stream_1.txt,S6b_J0,AR-6,b,J,0,P1,living_room,M3,LOS,asus-rt-ac86u,1,8764,100,float64,False,8764,0.006
/content/data/doppler_traces/S6b/S6b_J_0_stream_2.txt,S6b_J0,AR-6,b,J,0,P1,living_room,M3,LOS,asus-rt-ac86u,2,8764,100,float64,False,8764,0.006
/content/data/doppler_traces/S6b/S6b_J_0_stream_3.txt,S6b_J0,AR-6,b,J,0,P1,living_room,M3,LOS,asus-rt-ac86u,3,8764,100,float64,False,8764,0.006
/content/data/doppler_traces/S6b/S6b_L_stream_0.txt,S6b_L,AR-6,b,L,,P1,living_room,M3,LOS,asus-rt-ac86u,0,19669,100,float64,False,19669,0.006
/content/data/doppler_traces/S6b/S6b_L_stream_1.txt,S6b_L,AR-6,b,L,,P1,living_room,M3,LOS,asus-rt-ac86u,1,19669,100,float64,False,19669,0.006
/content/data/doppler_traces/S6b/S6b_L_stream_2.txt,S6b_L,AR-6,b,L,,P1,living_room,M3,LOS,asus-rt-ac86u,2,19669,100,float64,False,19669,0.006
/content/data/doppler_traces/S6b/S6b_L_stream_3.txt,S6b_L,AR-6,b,L,,P1,living_room,M3,LOS,asus-rt-ac86u,3,19669,100,float64,False,19669,0.006
/content/data/doppler_traces/S6b/S6b_R_stream_0.txt,S6b_R,AR-6,b,R,,P1,living_room,M3,LOS,asus-rt-ac86u,0,19088,100,float64,False,19088,0.006
/content/data/doppler_traces/S6b/S6b_R_stream_1.txt,S6b_R,AR-6,b,R,,P1,living_room,M3,LOS,asus-rt-ac86u,1,19088,100,float64,False,19088,0.006
/content/data/doppler_traces/S6b/S6b_R_stream_2.txt,S6b_R,AR-6,b,R,,P1,living_room,M3,LOS,asus-rt-ac86u,2,19088,100,float64,False,19088,0.006
/content/data/doppler_traces/S6b/S6b_R_stream_3.txt,S6b_R,AR-6,b,R,,P1,living_room,M3,LOS,asus-rt-ac86u,3,19088,100,float64,False,19088,0.006
/content/data/doppler_traces/S6b/S6b_W_stream_0.txt,S6b_W,AR-6,b,W,,P1,living_room,M3,LOS,asus-rt-ac86u,0,19304,100,float64,False,19304,0.006
/content/data/doppler_traces/S6b/S6b_W_stream_1.txt,S6b_W,AR-6,b,W,,P1,living_room,M3,LOS,asus-rt-ac86u,1,19304,100,float64,False,19304,0.006
/content/data/doppler_traces/S6b/S6b_W_stream_2.txt,S6b_W,AR-6,b,W,,P1,living_room,M3,LOS,asus-rt-ac86u,2,19304,100,float64,False,19304,0.006
/content/data/doppler_traces/S6b/S6b_W_stream_3.txt,S6b_W,AR-6,b,W,,P1,living_room,M3,LOS,asus-rt-ac86u,3,19304,100,float64,False,19304,0.006
/content/data/doppler_traces/S7a/S7a_C_stream_0.txt,S7a_C,AR-7,a,C,,P3,laboratory,M4,LOS,asus-rt-ac86u,0,19105,100,float64,False,19105,0.006
/content/data/doppler_traces/S7a/S7a_C_stream_1.txt,S7a_C,AR-7,a,C,,P3,laboratory,M4,LOS,asus-rt-ac86u,1,19105,100,float64,False,19105,0.006
/content/data/doppler_traces/S7a/S7a_C_stream_2.txt,S7a_C,AR-7,a,C,,P3,laboratory,M4,LOS,asus-rt-ac86u,2,19105,100,float64,False,19105,0.006
/content/data/doppler_traces/S7a/S7a_C_stream_3.txt,S7a_C,AR-7,a,C,,P3,laboratory,M4,LOS,asus-rt-ac86u,3,19105,100,float64,False,19105,0.006
/content/data/doppler_traces/S7a/S7a_E_stream_0.txt,S7a_E,AR-7,a,E,,P3,laboratory,M4,LOS,asus-rt-ac86u,0,18343,100,float64,False,18343,0.006
/content/data/doppler_traces/S7a/S7a_E_stream_1.txt,S7a_E,AR-7,a,E,,P3,laboratory,M4,LOS,asus-rt-ac86u,1,18343,100,float64,False,18343,0.006
/content/data/doppler_traces/S7a/S7a_E_stream_2.txt,S7a_E,AR-7,a,E,,P3,laboratory,M4,LOS,asus-rt-ac86u,2,18343,100,float64,False,18343,0.006
/content/data/doppler_traces/S7a/S7a_E_stream_3.txt,S7a_E,AR-7,a,E,,P3,laboratory,M4,LOS,asus-rt-ac86u,3,18343,100,float64,False,18343,0.006
/content/data/doppler_traces/S7a/S7a_H_stream_0.txt,S7a_H,AR-7,a,H,,P3,laboratory,M4,LOS,asus-rt-ac86u,0,19116,100,float64,False,19116,0.006
/content/data/doppler_traces/S7a/S7a_H_stream_1.txt,S7a_H,AR-7,a,H,,P3,laboratory,M4,LOS,asus-rt-ac86u,1,19116,100,float64,False,19116,0.006
/content/data/doppler_traces/S7a/S7a_H_stream_2.txt,S7a_H,AR-7,a,H,,P3,laboratory,M4,LOS,asus-rt-ac86u,2,19116,100,float64,False,19116,0.006
/content/data/doppler_traces/S7a/S7a_H_stream_3.txt,S7a_H,AR-7,a,H,,P3,laboratory,M4,LOS,asus-rt-ac86u,3,19116,100,float64,False,19116,0.006
/content/data/doppler_traces/S7a/S7a_J1_stream_0.txt,S7a_J1,AR-7,a,J,1,P3,laboratory,M4,LOS,asus-rt-ac86u,0,4967,100,float64,False,4967,0.006
/content/data/doppler_traces/S7a/S7a_J1_stream_1.txt,S7a_J1,AR-7,a,J,1,P3,laboratory,M4,LOS,asus-rt-ac86u,1,4967,100,float64,False,4967,0.006
/content/data/doppler_traces/S7a/S7a_J1_stream_2.txt,S7a_J1,AR-7,a,J,1,P3,laboratory,M4,LOS,asus-rt-ac86u,2,4967,100,float64,False,4967,0.006
/content/data/doppler_traces/S7a/S7a_J1_stream_3.txt,S7a_J1,AR-7,a,J,1,P3,laboratory,M4,LOS,asus-rt-ac86u,3,4967,100,float64,False,4967,0.006
/content/data/doppler_traces/S7a/S7a_J2_stream_0.txt,S7a_J2,AR-7,a,J,2,P3,laboratory,M4,LOS,asus-rt-ac86u,0,5232,100,float64,False,5232,0.006
/content/data/doppler_traces/S7a/S7a_J2_stream_1.txt,S7a_J2,AR-7,a,J,2,P3,laboratory,M4,LOS,asus-rt-ac86u,1,5232,100,float64,False,5232,0.006
/content/data/doppler_traces/S7a/S7a_J2_stream_2.txt,S7a_J2,AR-7,a,J,2,P3,laboratory,M4,LOS,asus-rt-ac86u,2,5232,100,float64,False,5232,0.006
/content/data/doppler_traces/S7a/S7a_J2_stream_3.txt,S7a_J2,AR-7,a,J,2,P3,laboratory,M4,LOS,asus-rt-ac86u,3,5232,100,float64,False,5232,0.006
/content/data/doppler_traces/S7a/S7a_J3_stream_0.txt,S7a_J3,AR-7,a,J,3,P3,laboratory,M4,LOS,asus-rt-ac86u,0,5337,100,float64,False,5337,0.006
/content/data/doppler_traces/S7a/S7a_J3_stream_1.txt,S7a_J3,AR-7,a,J,3,P3,laboratory,M4,LOS,asus-rt-ac86u,1,5337,100,float64,False,5337,0.006
/content/data/doppler_traces/S7a/S7a_J3_stream_2.txt,S7a_J3,AR-7,a,J,3,P3,laboratory,M4,LOS,asus-rt-ac86u,2,5337,100,float64,False,5337,0.006
/content/data/doppler_traces/S7a/S7a_J3_stream_3.txt,S7a_J3,AR-7,a,J,3,P3,laboratory,M4,LOS,asus-rt-ac86u,3,5337,100,float64,False,5337,0.006
/content/data/doppler_traces/S7a/S7a_L1_stream_0.txt,S7a_L1,AR-7,a,L,1,P3,laboratory,M4,LOS,asus-rt-ac86u,0,8589,100,float64,False,8589,0.006
/content/data/doppler_traces/S7a/S7a_L1_stream_1.txt,S7a_L1,AR-7,a,L,1,P3,laboratory,M4,LOS,asus-rt-ac86u,1,8589,100,float64,False,8589,0.006
/content/data/doppler_traces/S7a/S7a_L1_stream_2.txt,S7a_L1,AR-7,a,L,1,P3,laboratory,M4,LOS,asus-rt-ac86u,2,8589,100,float64,False,8589,0.006
/content/data/doppler_traces/S7a/S7a_L1_stream_3.txt,S7a_L1,AR-7,a,L,1,P3,laboratory,M4,LOS,asus-rt-ac86u,3,8589,100,float64,False,8589,0.006
/content/data/doppler_traces/S7a/S7a_L2_stream_0.txt,S7a_L2,AR-7,a,L,2,P3,laboratory,M4,LOS,asus-rt-ac86u,0,8641,100,float64,False,8641,0.006
/content/data/doppler_traces/S7a/S7a_L2_stream_1.txt,S7a_L2,AR-7,a,L,2,P3,laboratory,M4,LOS,asus-rt-ac86u,1,8641,100,float64,False,8641,0.006
/content/data/doppler_traces/S7a/S7a_L2_stream_2.txt,S7a_L2,AR-7,a,L,2,P3,laboratory,M4,LOS,asus-rt-ac86u,2,8641,100,float64,False,8641,0.006
/content/data/doppler_traces/S7a/S7a_L2_stream_3.txt,S7a_L2,AR-7,a,L,2,P3,laboratory,M4,LOS,asus-rt-ac86u,3,8641,100,float64,False,8641,0.006
/content/data/doppler_traces/S7a/S7a_R1_stream_0.txt,S7a_R1,AR-7,a,R,1,P3,laboratory,M4,LOS,asus-rt-ac86u,0,18932,100,float64,False,18932,0.006
/content/data/doppler_traces/S7a/S7a_R1_stream_1.txt,S7a_R1,AR-7,a,R,1,P3,laboratory,M4,LOS,asus-rt-ac86u,1,18932,100,float64,False,18932,0.006
/content/data/doppler_traces/S7a/S7a_R1_stream_2.txt,S7a_R1,AR-7,a,R,1,P3,laboratory,M4,LOS,asus-rt-ac86u,2,18932,100,float64,False,18932,0.006
/content/data/doppler_traces/S7a/S7a_R1_stream_3.txt,S7a_R1,AR-7,a,R,1,P3,laboratory,M4,LOS,asus-rt-ac86u,3,18932,100,float64,False,18932,0.006
/content/data/doppler_traces/S7a/S7a_S_stream_0.txt,S7a_S,AR-7,a,S,,P3,laboratory,M4,LOS,asus-rt-ac86u,0,19123,100,float64,False,19123,0.006
/content/data/doppler_traces/S7a/S7a_S_stream_1.txt,S7a_S,AR-7,a,S,,P3,laboratory,M4,LOS,asus-rt-ac86u,1,19123,100,float64,False,19123,0.006
/content/data/doppler_traces/S7a/S7a_S_stream_2.txt,S7a_S,AR-7,a,S,,P3,laboratory,M4,LOS,asus-rt-ac86u,2,19123,100,float64,False,19123,0.006
/content/data/doppler_traces/S7a/S7a_S_stream_3.txt,S7a_S,AR-7,a,S,,P3,laboratory,M4,LOS,asus-rt-ac86u,3,19123,100,float64,False,19123,0.006
/content/data/doppler_traces/S7a/S7a_W_stream_0.txt,S7a_W,AR-7,a,W,,P3,laboratory,M4,LOS,asus-rt-ac86u,0,18724,100,float64,False,18724,0.006
/content/data/doppler_traces/S7a/S7a_W_stream_1.txt,S7a_W,AR-7,a,W,,P3,laboratory,M4,LOS,asus-rt-ac86u,1,18724,100,float64,False,18724,0.006
/content/data/doppler_traces/S7a/S7a_W_stream_2.txt,S7a_W,AR-7,a,W,,P3,laboratory,M4,LOS,asus-rt-ac86u,2,18724,100,float64,False,18724,0.006
/content/data/doppler_traces/S7a/S7a_W_stream_3.txt,S7a_W,AR-7,a,W,,P3,laboratory,M4,LOS,asus-rt-ac86u,3,18724,100,float64,False,18724,0.006
/content/data/doppler_traces_S4_S5/S4/S4a_L_stream_0.txt,S4a_Lalt,AR-4,a,L,alt,P1,bedroom,M2,NLOS,asus-rt-ac86u,0,19385,100,float64,False,19385,0.006
/content/data/doppler_traces_S4_S5/S4/S4a_L_stream_1.txt,S4a_Lalt,AR-4,a,L,alt,P1,bedroom,M2,NLOS,asus-rt-ac86u,1,19385,100,float64,False,19385,0.006
/content/data/doppler_traces_S4_S5/S4/S4a_L_stream_2.txt,S4a_Lalt,AR-4,a,L,alt,P1,bedroom,M2,NLOS,asus-rt-ac86u,2,19385,100,float64,False,19385,0.006
/content/data/doppler_traces_S4_S5/S4/S4a_L_stream_3.txt,S4a_Lalt,AR-4,a,L,alt,P1,bedroom,M2,NLOS,asus-rt-ac86u,3,19385,100,float64,False,19385,0.006
/content/data/doppler_traces_S4_S5/S5/S5a_L_stream_0.txt,S5a_Lalt,AR-5,a,L,alt,P2,bedroom,M2,NLOS,asus-rt-ac86u,0,20003,100,float64,False,20003,0.006
/content/data/doppler_traces_S4_S5/S5/S5a_L_stream_1.txt,S5a_Lalt,AR-5,a,L,alt,P2,bedroom,M2,NLOS,asus-rt-ac86u,1,20003,100,float64,False,20003,0.006
/content/data/doppler_traces_S4_S5/S5/S5a_L_stream_2.txt,S5a_Lalt,AR-5,a,L,alt,P2,bedroom,M2,NLOS,asus-rt-ac86u,2,20003,100,float64,False,20003,0.006
/content/data/doppler_traces_S4_S5/S5/S5a_L_stream_3.txt,S5a_Lalt,AR-5,a,L,alt,P2,bedroom,M2,NLOS,asus-rt-ac86u,3,20003,100,float64,False,20003,0.006
